timeStamp,elapsed,label,responseCode,responseMessage,threadName,dataType,success,failureMessage,bytes,sentBytes,grpThreads,allThreads,URL,Latency,IdleTime,Connect
1727273249006,973,https://blazedemo.com/,200,OK,Thread Group 1-1,text,true,,4757,836,11,11,https://blazedemo.com/,929,0,602
1727273247952,973,Visit_Webs,200,"Number of samples in transaction : 1, number of failing samples : 0",Thread Group 1-1,,true,,4757,836,11,11,null,929,1056,602
1727273249546,459,https://blazedemo.com/,200,OK,Thread Group 1-4,text,true,,4757,836,11,11,https://blazedemo.com/,455,0,117
1727273248544,459,Visit_Webs,200,"Number of samples in transaction : 1, number of failing samples : 0",Thread Group 1-4,,true,,4757,836,11,11,null,455,1005,117
1727273249150,919,https://blazedemo.com/,200,OK,Thread Group 1-2,text,true,,4757,836,11,11,https://blazedemo.com/,868,0,458
1727273248147,919,Visit_Webs,200,"Number of samples in transaction : 1, number of failing samples : 0",Thread Group 1-2,,true,,4757,836,11,11,null,868,1004,458
1727273249347,1302,https://blazedemo.com/,200,OK,Thread Group 1-3,text,true,,4757,836,14,14,https://blazedemo.com/,1298,0,293
1727273248345,1302,Visit_Webs,200,"Number of samples in transaction : 1, number of failing samples : 0",Thread Group 1-3,,true,,4757,836,14,14,null,1298,1003,293
1727273249747,904,https://blazedemo.com/,200,OK,Thread Group 1-5,text,true,,4757,836,14,14,https://blazedemo.com/,903,0,117
1727273248742,904,Visit_Webs,200,"Number of samples in transaction : 1, number of failing samples : 0",Thread Group 1-5,,true,,4757,836,14,14,null,903,1005,117
1727273249953,1089,https://blazedemo.com/,200,OK,Thread Group 1-6,text,true,,4757,836,16,16,https://blazedemo.com/,1027,0,259
1727273248942,1089,Visit_Webs,200,"Number of samples in transaction : 1, number of failing samples : 0",Thread Group 1-6,,true,,4757,836,16,16,null,1027,1012,259
1727273250540,718,https://blazedemo.com/,200,OK,Thread Group 1-9,text,true,,4757,836,17,17,https://blazedemo.com/,715,0,135
1727273249538,718,Visit_Webs,200,"Number of samples in transaction : 1, number of failing samples : 0",Thread Group 1-9,,true,,4757,836,17,17,null,715,1002,135
1727273251141,313,https://blazedemo.com/,429,Too Many Requests,Thread Group 1-12,text,false,,212,836,18,18,https://blazedemo.com/,313,0,117
1727273250138,313,Visit_Webs,,"Number of samples in transaction : 1, number of failing samples : 1",Thread Group 1-12,,false,,212,836,18,18,null,313,1004,117
1727273250982,597,https://blazedemo.com/reserve.php,200,OK,Thread Group 1-1,text,true,,7333,952,19,19,https://blazedemo.com/reserve.php,580,0,0
1727273249981,597,Search_Fligh & Reserve,200,"Number of samples in transaction : 1, number of failing samples : 0",Thread Group 1-1,,true,,7333,952,19,19,null,580,1001,0
1727273251009,701,https://blazedemo.com/reserve.php,200,OK,Thread Group 1-4,text,true,,7333,952,19,19,https://blazedemo.com/reserve.php,697,0,0
1727273250009,701,Search_Fligh & Reserve,200,"Number of samples in transaction : 1, number of failing samples : 0",Thread Group 1-4,,true,,7333,952,19,19,null,697,1000,0
1727273251070,648,https://blazedemo.com/reserve.php,200,OK,Thread Group 1-2,text,true,,7333,952,19,19,https://blazedemo.com/reserve.php,584,0,0
1727273250955,763,https://blazedemo.com/,200,OK,Thread Group 1-11,text,true,,4757,836,19,19,https://blazedemo.com/,757,0,112
1727273250070,648,Search_Fligh & Reserve,200,"Number of samples in transaction : 1, number of failing samples : 0",Thread Group 1-2,,true,,7333,952,19,19,null,584,1000,0
1727273249940,763,Visit_Webs,200,"Number of samples in transaction : 1, number of failing samples : 0",Thread Group 1-11,,true,,4757,836,19,19,null,757,1015,112
1727273250141,1643,https://blazedemo.com/,200,OK,Thread Group 1-7,text,true,,4757,836,20,20,https://blazedemo.com/,1031,0,114
1727273249140,1643,Visit_Webs,200,"Number of samples in transaction : 1, number of failing samples : 0",Thread Group 1-7,,true,,4757,836,20,20,null,1031,1001,114
1727273251341,868,https://blazedemo.com/,200,OK,Thread Group 1-13,text,true,,4757,836,22,22,https://blazedemo.com/,805,0,115
1727273250338,868,Visit_Webs,200,"Number of samples in transaction : 1, number of failing samples : 0",Thread Group 1-13,,true,,4757,836,22,22,null,805,1003,115
1727273251652,791,https://blazedemo.com/reserve.php,200,OK,Thread Group 1-3,text,true,,7333,952,23,23,https://blazedemo.com/reserve.php,783,0,0
1727273250650,791,Search_Fligh & Reserve,200,"Number of samples in transaction : 1, number of failing samples : 0",Thread Group 1-3,,true,,7333,952,23,23,null,783,1002,0
1727273250340,2318,https://blazedemo.com/,200,OK,Thread Group 1-8,text,true,,4757,836,24,24,https://blazedemo.com/,2315,0,116
1727273249338,2318,Visit_Webs,200,"Number of samples in transaction : 1, number of failing samples : 0",Thread Group 1-8,,true,,4757,836,24,24,null,2315,1002,116
1727273252141,1090,https://blazedemo.com/,200,OK,Thread Group 1-17,text,true,,4757,836,27,27,https://blazedemo.com/,1089,0,116
1727273251139,1090,Visit_Webs,200,"Number of samples in transaction : 1, number of failing samples : 0",Thread Group 1-17,,true,,4757,836,27,27,null,1089,1003,116
1727273252340,1017,https://blazedemo.com/,200,OK,Thread Group 1-18,text,true,,4757,836,28,28,https://blazedemo.com/,1014,0,121
1727273251338,1017,Visit_Webs,200,"Number of samples in transaction : 1, number of failing samples : 0",Thread Group 1-18,,true,,4757,836,28,28,null,1014,1003,121
1727273250741,2810,https://blazedemo.com/,200,OK,Thread Group 1-10,text,true,,4757,836,29,29,https://blazedemo.com/,2808,0,129
1727273249740,2810,Visit_Webs,200,"Number of samples in transaction : 1, number of failing samples : 0",Thread Group 1-10,,true,,4757,836,29,29,null,2808,1002,129
1727273253211,513,https://blazedemo.com/purchase.php,200,OK,Thread Group 1-4,text,true,,6715,999,29,29,https://blazedemo.com/purchase.php,497,0,0
1727273251710,513,Choose_Flight & Purchase,200,"Number of samples in transaction : 1, number of failing samples : 0",Thread Group 1-4,,true,,6715,999,29,29,null,497,1501,0
1727273252740,993,https://blazedemo.com/,200,OK,Thread Group 1-20,text,true,,4757,836,29,29,https://blazedemo.com/,902,0,116
1727273251738,993,Visit_Webs,200,"Number of samples in transaction : 1, number of failing samples : 0",Thread Group 1-20,,true,,4757,836,29,29,null,902,1003,116
1727273252785,998,https://blazedemo.com/reserve.php,200,OK,Thread Group 1-7,text,true,,7333,952,30,30,https://blazedemo.com/reserve.php,985,0,0
1727273251784,998,Search_Fligh & Reserve,200,"Number of samples in transaction : 1, number of failing samples : 0",Thread Group 1-7,,true,,7333,952,30,30,null,985,1001,0
1727273253081,833,https://blazedemo.com/purchase.php,200,OK,Thread Group 1-1,text,true,,6715,999,30,30,https://blazedemo.com/purchase.php,762,0,0
1727273251579,833,Choose_Flight & Purchase,200,"Number of samples in transaction : 1, number of failing samples : 0",Thread Group 1-1,,true,,6715,999,30,30,null,762,1502,0
1727273251539,2400,https://blazedemo.com/,200,OK,Thread Group 1-14,text,true,,4757,836,31,31,https://blazedemo.com/,2340,0,112
1727273250538,2400,Visit_Webs,200,"Number of samples in transaction : 1, number of failing samples : 0",Thread Group 1-14,,true,,4757,836,31,31,null,2340,1001,112
1727273252045,1978,https://blazedemo.com/reserve.php,200,OK,Thread Group 1-6,text,true,,7333,952,31,31,https://blazedemo.com/reserve.php,1962,0,0
1727273251043,1978,Search_Fligh & Reserve,200,"Number of samples in transaction : 1, number of failing samples : 0",Thread Group 1-6,,true,,7333,952,31,31,null,1962,1003,0
1727273252259,1799,https://blazedemo.com/reserve.php,200,OK,Thread Group 1-9,text,true,,7333,952,31,31,https://blazedemo.com/reserve.php,1783,0,0
1727273251258,1799,Search_Fligh & Reserve,200,"Number of samples in transaction : 1, number of failing samples : 0",Thread Group 1-9,,true,,7333,952,31,31,null,1783,1001,0
1727273253944,297,https://blazedemo.com/purchase.php,200,OK,Thread Group 1-3,text,true,,6715,999,32,32,https://blazedemo.com/purchase.php,291,0,0
1727273252443,297,Choose_Flight & Purchase,200,"Number of samples in transaction : 1, number of failing samples : 0",Thread Group 1-3,,true,,6715,999,32,32,null,291,1501,0
1727273253741,547,https://blazedemo.com/,200,OK,Thread Group 1-25,text,true,,4757,836,32,32,https://blazedemo.com/,545,0,113
1727273252738,547,Visit_Webs,200,"Number of samples in transaction : 1, number of failing samples : 0",Thread Group 1-25,,true,,4757,836,32,32,null,545,1003,113
1727273251943,2396,https://blazedemo.com/,200,OK,Thread Group 1-16,text,true,,4757,836,33,33,https://blazedemo.com/,2389,0,120
1727273250938,2396,Visit_Webs,200,"Number of samples in transaction : 1, number of failing samples : 0",Thread Group 1-16,,true,,4757,836,33,33,null,2389,1005,120
1727273254233,329,https://blazedemo.com/reserve.php,200,OK,Thread Group 1-17,text,true,,7333,952,34,34,https://blazedemo.com/reserve.php,281,0,0
1727273253232,329,Search_Fligh & Reserve,200,"Number of samples in transaction : 1, number of failing samples : 0",Thread Group 1-17,,true,,7333,952,34,34,null,281,1001,0
1727273253140,1480,https://blazedemo.com/,200,OK,Thread Group 1-22,text,true,,4757,836,34,34,https://blazedemo.com/,1474,0,114
1727273252138,1480,Visit_Webs,200,"Number of samples in transaction : 1, number of failing samples : 0",Thread Group 1-22,,true,,4757,836,34,34,null,1474,1002,114
1727273253947,679,https://blazedemo.com/,200,OK,Thread Group 1-26,text,true,,4757,836,34,34,https://blazedemo.com/,571,0,191
1727273252938,679,Visit_Webs,200,"Number of samples in transaction : 1, number of failing samples : 0",Thread Group 1-26,,true,,4757,836,34,34,null,571,1010,191
1727273251653,3181,https://blazedemo.com/reserve.php,200,OK,Thread Group 1-5,text,true,,7333,952,35,35,https://blazedemo.com/reserve.php,2980,0,0
1727273250651,3181,Search_Fligh & Reserve,200,"Number of samples in transaction : 1, number of failing samples : 0",Thread Group 1-5,,true,,7333,952,35,35,null,2980,1002,0
1727273253339,1519,https://blazedemo.com/,200,OK,Thread Group 1-23,text,true,,4757,836,35,35,https://blazedemo.com/,1326,0,114
1727273252337,1519,Visit_Webs,200,"Number of samples in transaction : 1, number of failing samples : 0",Thread Group 1-23,,true,,4757,836,35,35,null,1326,1002,114
1727273253540,1328,https://blazedemo.com/,200,OK,Thread Group 1-24,text,true,,4757,836,35,35,https://blazedemo.com/,1327,0,115
1727273252537,1328,Visit_Webs,200,"Number of samples in transaction : 1, number of failing samples : 0",Thread Group 1-24,,true,,4757,836,35,35,null,1327,1003,115
1727273254359,602,https://blazedemo.com/reserve.php,200,OK,Thread Group 1-18,text,true,,7333,952,36,36,https://blazedemo.com/reserve.php,591,0,0
1727273253358,602,Search_Fligh & Reserve,200,"Number of samples in transaction : 1, number of failing samples : 0",Thread Group 1-18,,true,,7333,952,36,36,null,591,1001,0
1727273251741,3448,https://blazedemo.com/,200,OK,Thread Group 1-15,text,true,,4757,836,37,37,https://blazedemo.com/,3443,0,497
1727273250739,3448,Visit_Webs,200,"Number of samples in transaction : 1, number of failing samples : 0",Thread Group 1-15,,true,,4757,836,37,37,null,3443,1003,497
1727273252456,3008,https://blazedemo.com/reserve.php,200,OK,Thread Group 1-12,text,true,,7333,952,38,38,https://blazedemo.com/reserve.php,3007,0,0
1727273251455,3008,Search_Fligh & Reserve,200,"Number of samples in transaction : 1, number of failing samples : 0",Thread Group 1-12,,true,,7333,952,38,38,null,3007,1001,0
1727273254539,957,https://blazedemo.com/,200,OK,Thread Group 1-29,text,true,,4757,836,38,38,https://blazedemo.com/,957,0,114
1727273253538,957,Visit_Webs,200,"Number of samples in transaction : 1, number of failing samples : 0",Thread Group 1-29,,true,,4757,836,38,38,null,957,1002,114
1727273254154,1351,https://blazedemo.com/,200,OK,Thread Group 1-27,text,true,,4757,836,38,38,https://blazedemo.com/,1348,0,115
1727273253150,1351,Visit_Webs,200,"Number of samples in transaction : 1, number of failing samples : 0",Thread Group 1-27,,true,,4757,836,38,38,null,1348,1004,115
1727273254553,1016,https://blazedemo.com/reserve.php,200,OK,Thread Group 1-10,text,true,,7333,952,39,39,https://blazedemo.com/reserve.php,1000,0,0
1727273253552,1016,Search_Fligh & Reserve,200,"Number of samples in transaction : 1, number of failing samples : 0",Thread Group 1-10,,true,,7333,952,39,39,null,1000,1001,0
1727273254940,650,https://blazedemo.com/reserve.php,200,OK,Thread Group 1-14,text,true,,7333,952,39,39,https://blazedemo.com/reserve.php,643,0,0
1727273253939,650,Search_Fligh & Reserve,200,"Number of samples in transaction : 1, number of failing samples : 0",Thread Group 1-14,,true,,7333,952,39,39,null,643,1001,0
1727273252720,2907,https://blazedemo.com/reserve.php,200,OK,Thread Group 1-11,text,true,,7333,952,39,39,https://blazedemo.com/reserve.php,2858,0,0
1727273251718,2907,Search_Fligh & Reserve,200,"Number of samples in transaction : 1, number of failing samples : 0",Thread Group 1-11,,true,,7333,952,39,39,null,2858,1002,0
1727273255340,370,https://blazedemo.com/reserve.php,200,OK,Thread Group 1-16,text,true,,7333,952,39,39,https://blazedemo.com/reserve.php,357,0,0
1727273254339,370,Search_Fligh & Reserve,200,"Number of samples in transaction : 1, number of failing samples : 0",Thread Group 1-16,,true,,7333,952,39,39,null,357,1001,0
1727273255290,487,https://blazedemo.com/reserve.php,200,OK,Thread Group 1-25,text,true,,7333,952,40,40,https://blazedemo.com/reserve.php,436,0,0
1727273254289,487,Search_Fligh & Reserve,200,"Number of samples in transaction : 1, number of failing samples : 0",Thread Group 1-25,,true,,7333,952,40,40,null,436,1001,0
1727273254941,863,https://blazedemo.com/,200,OK,Thread Group 1-31,text,true,,4757,836,40,40,https://blazedemo.com/,863,0,421
1727273253937,863,Visit_Webs,200,"Number of samples in transaction : 1, number of failing samples : 0",Thread Group 1-31,,true,,4757,836,40,40,null,863,1005,421
1727273255526,409,https://blazedemo.com/purchase.php,200,OK,Thread Group 1-6,text,true,,6715,999,40,40,https://blazedemo.com/purchase.php,394,0,0
1727273254024,409,Choose_Flight & Purchase,200,"Number of samples in transaction : 1, number of failing samples : 0",Thread Group 1-6,,true,,6715,999,40,40,null,394,1502,0
1727273253219,2733,https://blazedemo.com/purchase.php,200,OK,Thread Group 1-2,text,true,,6715,999,41,41,https://blazedemo.com/purchase.php,2732,0,0
1727273251718,2733,Choose_Flight & Purchase,200,"Number of samples in transaction : 1, number of failing samples : 0",Thread Group 1-2,,true,,6715,999,41,41,null,2732,1501,0
1727273252947,3030,https://blazedemo.com/,200,OK,Thread Group 1-21,text,true,,4757,836,41,41,https://blazedemo.com/,3026,0,257
1727273251938,3030,Visit_Webs,200,"Number of samples in transaction : 1, number of failing samples : 0",Thread Group 1-21,,true,,4757,836,41,41,null,3026,1010,257
1727273254339,1677,https://blazedemo.com/,200,OK,Thread Group 1-28,text,true,,4757,836,41,41,https://blazedemo.com/,1674,0,176
1727273253338,1677,Visit_Webs,200,"Number of samples in transaction : 1, number of failing samples : 0",Thread Group 1-28,,true,,4757,836,41,41,null,1674,1001,176
1727273255559,499,https://blazedemo.com/purchase.php,200,OK,Thread Group 1-9,text,true,,6715,999,41,41,https://blazedemo.com/purchase.php,485,0,0
1727273254058,499,Choose_Flight & Purchase,200,"Number of samples in transaction : 1, number of failing samples : 0",Thread Group 1-9,,true,,6715,999,41,41,null,485,1501,0
1727273255740,432,https://blazedemo.com/,200,OK,Thread Group 1-35,text,true,,4757,836,42,42,https://blazedemo.com/,427,0,119
1727273254739,432,Visit_Webs,200,"Number of samples in transaction : 1, number of failing samples : 0",Thread Group 1-35,,true,,4757,836,42,42,null,427,1001,119
1727273253211,2992,https://blazedemo.com/reserve.php,200,OK,Thread Group 1-13,text,true,,7333,952,42,42,https://blazedemo.com/reserve.php,2917,0,0
1727273252209,2992,Search_Fligh & Reserve,200,"Number of samples in transaction : 1, number of failing samples : 0",Thread Group 1-13,,true,,7333,952,42,42,null,2917,1002,0
1727273255869,363,https://blazedemo.com/reserve.php,200,OK,Thread Group 1-24,text,true,,7333,952,42,42,https://blazedemo.com/reserve.php,351,0,0
1727273254868,363,Search_Fligh & Reserve,200,"Number of samples in transaction : 1, number of failing samples : 0",Thread Group 1-24,,true,,7333,952,42,42,null,351,1001,0
1727273252539,3722,https://blazedemo.com/,200,OK,Thread Group 1-19,text,true,,4757,836,42,42,https://blazedemo.com/,2911,0,117
1727273251538,3722,Visit_Webs,200,"Number of samples in transaction : 1, number of failing samples : 0",Thread Group 1-19,,true,,4757,836,42,42,null,2911,1001,117
1727273255621,722,https://blazedemo.com/reserve.php,200,OK,Thread Group 1-22,text,true,,7333,952,43,43,https://blazedemo.com/reserve.php,722,0,0
1727273254620,722,Search_Fligh & Reserve,200,"Number of samples in transaction : 1, number of failing samples : 0",Thread Group 1-22,,true,,7333,952,43,43,null,722,1002,0
1727273255338,1102,https://blazedemo.com/,200,OK,Thread Group 1-33,text,true,,4757,836,43,43,https://blazedemo.com/,1096,0,839
1727273254337,1102,Visit_Webs,200,"Number of samples in transaction : 1, number of failing samples : 0",Thread Group 1-33,,true,,4757,836,43,43,null,1096,1002,839
1727273255859,612,https://blazedemo.com/reserve.php,200,OK,Thread Group 1-23,text,true,,7333,952,43,43,https://blazedemo.com/reserve.php,298,0,0
1727273254858,612,Search_Fligh & Reserve,200,"Number of samples in transaction : 1, number of failing samples : 0",Thread Group 1-23,,true,,7333,952,43,43,null,298,1001,0
1727273255540,1067,https://blazedemo.com/,200,OK,Thread Group 1-34,text,true,,4757,836,44,44,https://blazedemo.com/,1061,0,116
1727273254538,1067,Visit_Webs,200,"Number of samples in transaction : 1, number of failing samples : 0",Thread Group 1-34,,true,,4757,836,44,44,null,1061,1002,116
1727273256064,575,https://blazedemo.com/purchase.php,200,OK,Thread Group 1-17,text,true,,6715,999,44,44,https://blazedemo.com/purchase.php,567,0,0
1727273254562,575,Choose_Flight & Purchase,200,"Number of samples in transaction : 1, number of failing samples : 0",Thread Group 1-17,,true,,6715,999,44,44,null,567,1502,0
1727273253661,2990,https://blazedemo.com/reserve.php,200,OK,Thread Group 1-8,text,true,,7333,952,44,44,https://blazedemo.com/reserve.php,2939,0,0
1727273252658,2990,Search_Fligh & Reserve,200,"Number of samples in transaction : 1, number of failing samples : 0",Thread Group 1-8,,true,,7333,952,44,44,null,2939,1003,0
1727273256336,369,https://blazedemo.com/purchase.php,200,OK,Thread Group 1-5,text,true,,6715,999,44,44,https://blazedemo.com/purchase.php,367,0,0
1727273254834,369,Choose_Flight & Purchase,200,"Number of samples in transaction : 1, number of failing samples : 0",Thread Group 1-5,,true,,6715,999,44,44,null,367,1502,0
1727273255285,1529,https://blazedemo.com/purchase.php,200,OK,Thread Group 1-7,text,true,,6715,999,45,45,https://blazedemo.com/purchase.php,1529,0,0
1727273253783,1529,Choose_Flight & Purchase,200,"Number of samples in transaction : 1, number of failing samples : 0",Thread Group 1-7,,true,,6715,999,45,45,null,1529,1502,0
1727273256138,704,https://blazedemo.com/,200,OK,Thread Group 1-37,text,true,,4757,836,45,45,https://blazedemo.com/,599,0,113
1727273255137,704,Visit_Webs,200,"Number of samples in transaction : 1, number of failing samples : 0",Thread Group 1-37,,true,,4757,836,45,45,null,599,1001,113
1727273256498,412,https://blazedemo.com/reserve.php,200,OK,Thread Group 1-29,text,true,,7333,952,45,45,https://blazedemo.com/reserve.php,397,0,0
1727273255497,412,Search_Fligh & Reserve,200,"Number of samples in transaction : 1, number of failing samples : 0",Thread Group 1-29,,true,,7333,952,45,45,null,397,1001,0
1727273256191,809,https://blazedemo.com/reserve.php,200,OK,Thread Group 1-15,text,true,,7333,952,46,46,https://blazedemo.com/reserve.php,808,0,0
1727273255190,809,Search_Fligh & Reserve,200,"Number of samples in transaction : 1, number of failing samples : 0",Thread Group 1-15,,true,,7333,952,46,46,null,808,1001,0
1727273255628,1440,https://blazedemo.com/reserve.php,200,OK,Thread Group 1-26,text,true,,7333,952,46,46,https://blazedemo.com/reserve.php,1440,0,0
1727273254627,1440,Search_Fligh & Reserve,200,"Number of samples in transaction : 1, number of failing samples : 0",Thread Group 1-26,,true,,7333,952,46,46,null,1440,1001,0
1727273256508,604,https://blazedemo.com/reserve.php,200,OK,Thread Group 1-27,text,true,,7333,952,46,46,https://blazedemo.com/reserve.php,556,0,0
1727273255505,604,Search_Fligh & Reserve,200,"Number of samples in transaction : 1, number of failing samples : 0",Thread Group 1-27,,true,,7333,952,46,46,null,556,1003,0
1727273256466,852,https://blazedemo.com/purchase.php,200,OK,Thread Group 1-18,text,true,,6715,999,47,47,https://blazedemo.com/purchase.php,841,0,0
1727273254961,852,Choose_Flight & Purchase,200,"Number of samples in transaction : 1, number of failing samples : 0",Thread Group 1-18,,true,,6715,999,47,47,null,841,1505,0
1727273257071,420,https://blazedemo.com/purchase.php,200,OK,Thread Group 1-10,text,true,,6715,999,48,48,https://blazedemo.com/purchase.php,416,0,0
1727273255569,420,Choose_Flight & Purchase,200,"Number of samples in transaction : 1, number of failing samples : 0",Thread Group 1-10,,true,,6715,999,48,48,null,416,1502,0
1727273256339,1211,https://blazedemo.com/,200,OK,Thread Group 1-38,text,true,,4757,836,49,49,https://blazedemo.com/,1208,0,119
1727273255338,1211,Visit_Webs,200,"Number of samples in transaction : 1, number of failing samples : 0",Thread Group 1-38,,true,,4757,836,49,49,null,1208,1001,119
1727273256964,599,https://blazedemo.com/purchase.php,200,OK,Thread Group 1-12,text,true,,6715,999,49,49,https://blazedemo.com/purchase.php,598,0,0
1727273255464,599,Choose_Flight & Purchase,200,"Number of samples in transaction : 1, number of failing samples : 0",Thread Group 1-12,,true,,6715,999,49,49,null,598,1500,0
1727273254735,2874,https://blazedemo.com/reserve.php,200,OK,Thread Group 1-20,text,true,,7333,952,49,49,https://blazedemo.com/reserve.php,2803,0,0
1727273253734,2874,Search_Fligh & Reserve,200,"Number of samples in transaction : 1, number of failing samples : 0",Thread Group 1-20,,true,,7333,952,49,49,null,2803,1001,0
1727273255950,1724,https://blazedemo.com/,200,OK,Thread Group 1-36,text,true,,4757,836,49,49,https://blazedemo.com/,1676,0,116
1727273254938,1724,Visit_Webs,200,"Number of samples in transaction : 1, number of failing samples : 0",Thread Group 1-36,,true,,4757,836,49,49,null,1676,1012,116
1727273257128,564,https://blazedemo.com/purchase.php,200,OK,Thread Group 1-11,text,true,,6715,999,49,49,https://blazedemo.com/purchase.php,564,0,0
1727273255627,564,Choose_Flight & Purchase,200,"Number of samples in transaction : 1, number of failing samples : 0",Thread Group 1-11,,true,,6715,999,49,49,null,564,1502,0
1727273254741,3002,https://blazedemo.com/,200,OK,Thread Group 1-30,text,true,,4757,836,50,50,https://blazedemo.com/,3001,0,126
1727273253738,3002,Visit_Webs,200,"Number of samples in transaction : 1, number of failing samples : 0",Thread Group 1-30,,true,,4757,836,50,50,null,3001,1003,126
1727273257017,849,https://blazedemo.com/reserve.php,200,OK,Thread Group 1-28,text,true,,7333,952,50,50,https://blazedemo.com/reserve.php,749,0,0
1727273256016,849,Search_Fligh & Reserve,200,"Number of samples in transaction : 1, number of failing samples : 0",Thread Group 1-28,,true,,7333,952,50,50,null,749,1001,0
1727273257262,639,https://blazedemo.com/reserve.php,200,OK,Thread Group 1-19,text,true,,7333,952,50,50,https://blazedemo.com/reserve.php,594,0,0
1727273256261,639,Search_Fligh & Reserve,200,"Number of samples in transaction : 1, number of failing samples : 0",Thread Group 1-19,,true,,7333,952,50,50,null,594,1001,0
1727273257092,836,https://blazedemo.com/purchase.php,200,OK,Thread Group 1-14,text,true,,6715,999,50,50,https://blazedemo.com/purchase.php,788,0,0
1727273255590,836,Choose_Flight & Purchase,200,"Number of samples in transaction : 1, number of failing samples : 0",Thread Group 1-14,,true,,6715,999,50,50,null,788,1502,0
1727273255139,2823,https://blazedemo.com/,200,OK,Thread Group 1-32,text,true,,4757,836,50,50,https://blazedemo.com/,2818,0,499
1727273254137,2823,Visit_Webs,200,"Number of samples in transaction : 1, number of failing samples : 0",Thread Group 1-32,,true,,4757,836,50,50,null,2818,1003,499
1727273256950,1033,https://blazedemo.com/,200,OK,Thread Group 1-41,text,true,,4757,836,50,50,https://blazedemo.com/,940,0,114
1727273255938,1033,Visit_Webs,200,"Number of samples in transaction : 1, number of failing samples : 0",Thread Group 1-41,,true,,4757,836,50,50,null,940,1012,114
1727273257278,711,https://blazedemo.com/purchase.php,200,OK,Thread Group 1-25,text,true,,6715,999,50,50,https://blazedemo.com/purchase.php,641,0,0
1727273255777,711,Choose_Flight & Purchase,200,"Number of samples in transaction : 1, number of failing samples : 0",Thread Group 1-25,,true,,6715,999,50,50,null,641,1501,0
1727273256539,1454,https://blazedemo.com/,200,OK,Thread Group 1-39,text,true,,4757,836,50,50,https://blazedemo.com/,1403,0,252
1727273255538,1454,Visit_Webs,200,"Number of samples in transaction : 1, number of failing samples : 0",Thread Group 1-39,,true,,4757,836,50,50,null,1403,1001,252
1727273257538,633,https://blazedemo.com/,200,OK,Thread Group 1-44,text,true,,4757,836,50,50,https://blazedemo.com/,401,0,115
1727273256537,633,Visit_Webs,200,"Number of samples in transaction : 1, number of failing samples : 0",Thread Group 1-44,,true,,4757,836,50,50,null,401,1001,115
1727273257843,334,https://blazedemo.com/reserve.php,200,OK,Thread Group 1-37,text,true,,7333,952,50,50,https://blazedemo.com/reserve.php,271,0,0
1727273256842,334,Search_Fligh & Reserve,200,"Number of samples in transaction : 1, number of failing samples : 0",Thread Group 1-37,,true,,7333,952,50,50,null,271,1001,0
1727273256807,1381,https://blazedemo.com/reserve.php,200,OK,Thread Group 1-31,text,true,,7333,952,50,50,https://blazedemo.com/reserve.php,1332,0,0
1727273255805,1381,Search_Fligh & Reserve,200,"Number of samples in transaction : 1, number of failing samples : 0",Thread Group 1-31,,true,,7333,952,50,50,null,1332,1002,0
1727273257608,583,https://blazedemo.com/reserve.php,200,OK,Thread Group 1-34,text,true,,7333,952,50,50,https://blazedemo.com/reserve.php,566,0,0
1727273256607,583,Search_Fligh & Reserve,200,"Number of samples in transaction : 1, number of failing samples : 0",Thread Group 1-34,,true,,7333,952,50,50,null,566,1001,0
1727273257442,828,https://blazedemo.com/reserve.php,200,OK,Thread Group 1-33,text,true,,7333,952,50,50,https://blazedemo.com/reserve.php,783,0,0
1727273256441,828,Search_Fligh & Reserve,200,"Number of samples in transaction : 1, number of failing samples : 0",Thread Group 1-33,,true,,7333,952,50,50,null,783,1001,0
1727273257173,1206,https://blazedemo.com/reserve.php,200,OK,Thread Group 1-35,text,true,,7333,952,50,50,https://blazedemo.com/reserve.php,894,0,0
1727273256172,1206,Search_Fligh & Reserve,200,"Number of samples in transaction : 1, number of failing samples : 0",Thread Group 1-35,,true,,7333,952,50,50,null,894,1001,0
1727273257138,1284,https://blazedemo.com/,200,OK,Thread Group 1-42,text,true,,4757,836,50,50,https://blazedemo.com/,1170,0,113
1727273256137,1284,Visit_Webs,200,"Number of samples in transaction : 1, number of failing samples : 0",Thread Group 1-42,,true,,4757,836,50,50,null,1170,1001,113
1727273256982,1534,https://blazedemo.com/reserve.php,200,OK,Thread Group 1-21,text,true,,7333,952,50,50,https://blazedemo.com/reserve.php,1484,0,0
1727273255978,1534,Search_Fligh & Reserve,200,"Number of samples in transaction : 1, number of failing samples : 0",Thread Group 1-21,,true,,7333,952,50,50,null,1484,1004,0
1727273257211,1393,https://blazedemo.com/purchase.php,200,OK,Thread Group 1-16,text,true,,6715,999,50,50,https://blazedemo.com/purchase.php,483,0,0
1727273255710,1393,Choose_Flight & Purchase,200,"Number of samples in transaction : 1, number of failing samples : 0",Thread Group 1-16,,true,,6715,999,50,50,null,483,1501,0
1727273257738,902,https://blazedemo.com/,200,OK,Thread Group 1-45,text,true,,4757,836,50,50,https://blazedemo.com/,896,0,476
1727273256737,902,Visit_Webs,200,"Number of samples in transaction : 1, number of failing samples : 0",Thread Group 1-45,,true,,4757,836,50,50,null,896,1001,476
1727273257338,1332,https://blazedemo.com/,200,OK,Thread Group 1-43,text,true,,4757,836,50,50,https://blazedemo.com/,1270,0,251
1727273256337,1332,Visit_Webs,200,"Number of samples in transaction : 1, number of failing samples : 0",Thread Group 1-43,,true,,4757,836,50,50,null,1270,1002,251
1727273257972,717,https://blazedemo.com/purchase.php,200,OK,Thread Group 1-23,text,true,,6715,999,50,50,https://blazedemo.com/purchase.php,716,0,0
1727273256471,717,Choose_Flight & Purchase,200,"Number of samples in transaction : 1, number of failing samples : 0",Thread Group 1-23,,true,,6715,999,50,50,null,716,1501,0
1727273256740,2074,https://blazedemo.com/,200,OK,Thread Group 1-40,text,true,,4757,836,50,50,https://blazedemo.com/,2072,0,410
1727273255739,2074,Visit_Webs,200,"Number of samples in transaction : 1, number of failing samples : 0",Thread Group 1-40,,true,,4757,836,50,50,null,2072,1002,410
1727273258499,386,https://blazedemo.com/purchase.php,200,OK,Thread Group 1-15,text,true,,6715,999,50,50,https://blazedemo.com/purchase.php,333,0,0
1727273257000,386,Choose_Flight & Purchase,200,"Number of samples in transaction : 1, number of failing samples : 0",Thread Group 1-15,,true,,6715,999,50,50,null,333,1500,0
1727273258152,804,https://blazedemo.com/purchase.php,200,OK,Thread Group 1-8,text,true,,6715,999,50,50,https://blazedemo.com/purchase.php,501,0,0
1727273256651,804,Choose_Flight & Purchase,200,"Number of samples in transaction : 1, number of failing samples : 0",Thread Group 1-8,,true,,6715,999,50,50,null,501,1502,0
1727273258410,567,https://blazedemo.com/purchase.php,200,OK,Thread Group 1-29,text,true,,6715,999,50,50,https://blazedemo.com/purchase.php,551,0,0
1727273256910,567,Choose_Flight & Purchase,200,"Number of samples in transaction : 1, number of failing samples : 0",Thread Group 1-29,,true,,6715,999,50,50,null,551,1501,0
1727273258612,375,https://blazedemo.com/purchase.php,200,OK,Thread Group 1-27,text,true,,6715,999,50,50,https://blazedemo.com/purchase.php,368,0,0
1727273257112,375,Choose_Flight & Purchase,200,"Number of samples in transaction : 1, number of failing samples : 0",Thread Group 1-27,,true,,6715,999,50,50,null,368,1501,0
1727273258675,333,https://blazedemo.com/reserve.php,200,OK,Thread Group 1-36,text,true,,7333,952,50,50,https://blazedemo.com/reserve.php,320,0,0
1727273257674,333,Search_Fligh & Reserve,200,"Number of samples in transaction : 1, number of failing samples : 0",Thread Group 1-36,,true,,7333,952,50,50,null,320,1002,0
1727273257846,1208,https://blazedemo.com/purchase.php,200,OK,Thread Group 1-22,text,true,,6715,999,50,50,https://blazedemo.com/purchase.php,1202,0,0
1727273256344,1208,Choose_Flight & Purchase,200,"Number of samples in transaction : 1, number of failing samples : 0",Thread Group 1-22,,true,,6715,999,50,50,null,1202,1502,0
1727273258549,565,https://blazedemo.com/reserve.php,200,OK,Thread Group 1-38,text,true,,7333,952,50,50,https://blazedemo.com/reserve.php,549,0,0
1727273257550,565,Search_Fligh & Reserve,200,"Number of samples in transaction : 1, number of failing samples : 0",Thread Group 1-38,,true,,7333,952,50,50,null,549,1000,0
1727273258539,828,https://blazedemo.com/,200,OK,Thread Group 1-49,text,true,,4757,836,50,50,https://blazedemo.com/,824,0,115
1727273257538,828,Visit_Webs,200,"Number of samples in transaction : 1, number of failing samples : 0",Thread Group 1-49,,true,,4757,836,50,50,null,824,1003,115
1727273258982,435,https://blazedemo.com/reserve.php,200,OK,Thread Group 1-41,text,true,,7333,952,50,50,https://blazedemo.com/reserve.php,435,0,0
1727273257983,435,Search_Fligh & Reserve,200,"Number of samples in transaction : 1, number of failing samples : 0",Thread Group 1-41,,true,,7333,952,50,50,null,435,1000,0
1727273258995,514,https://blazedemo.com/reserve.php,200,OK,Thread Group 1-39,text,true,,7333,952,50,50,https://blazedemo.com/reserve.php,448,0,0
1727273257992,514,Search_Fligh & Reserve,200,"Number of samples in transaction : 1, number of failing samples : 0",Thread Group 1-39,,true,,7333,952,50,50,null,448,1003,0
1727273258725,916,https://blazedemo.com/confirmation.php,200,OK,Thread Group 1-4,text,true,,5780,1127,50,50,https://blazedemo.com/confirmation.php,916,0,0
1727273253724,916,Filling_Info & Confirmation,200,"Number of samples in transaction : 1, number of failing samples : 0",Thread Group 1-4,,true,,5780,1127,50,50,null,916,5002,0
1727273259240,483,https://blazedemo.com/confirmation.php,200,OK,Thread Group 1-3,text,true,,5780,1127,49,49,https://blazedemo.com/confirmation.php,286,0,0
1727273254241,483,Filling_Info & Confirmation,200,"Number of samples in transaction : 1, number of failing samples : 0",Thread Group 1-3,,true,,5780,1127,49,49,null,286,5001,0
1727273258747,986,https://blazedemo.com/,200,OK,Thread Group 1-50,text,true,,4757,836,48,48,https://blazedemo.com/,986,0,114
1727273257736,986,Visit_Webs,200,"Number of samples in transaction : 1, number of failing samples : 0",Thread Group 1-50,,true,,4757,836,48,48,null,986,1013,114
1727273259109,654,https://blazedemo.com/purchase.php,200,OK,Thread Group 1-20,text,true,,6715,999,48,48,https://blazedemo.com/purchase.php,592,0,0
1727273257609,654,Choose_Flight & Purchase,200,"Number of samples in transaction : 1, number of failing samples : 0",Thread Group 1-20,,true,,6715,999,48,48,null,592,1501,0
1727273258915,905,https://blazedemo.com/confirmation.php,200,OK,Thread Group 1-1,text,true,,5780,1127,48,48,https://blazedemo.com/confirmation.php,901,0,0
1727273253915,905,Filling_Info & Confirmation,200,"Number of samples in transaction : 1, number of failing samples : 0",Thread Group 1-1,,true,,5780,1127,48,48,null,901,5002,0
1727273257947,1993,https://blazedemo.com/,200,OK,Thread Group 1-46,text,true,,4757,836,47,47,https://blazedemo.com/,1932,0,124
1727273256936,1993,Visit_Webs,200,"Number of samples in transaction : 1, number of failing samples : 0",Thread Group 1-46,,true,,4757,836,47,47,null,1932,1012,124
1727273259405,548,https://blazedemo.com/purchase.php,200,OK,Thread Group 1-19,text,true,,6715,999,47,47,https://blazedemo.com/purchase.php,343,0,0
1727273257901,548,Choose_Flight & Purchase,200,"Number of samples in transaction : 1, number of failing samples : 0",Thread Group 1-19,,true,,6715,999,47,47,null,343,1505,0
1727273259671,411,https://blazedemo.com/reserve.php,200,OK,Thread Group 1-43,text,true,,7333,952,47,47,https://blazedemo.com/reserve.php,403,0,0
1727273258670,411,Search_Fligh & Reserve,200,"Number of samples in transaction : 1, number of failing samples : 0",Thread Group 1-43,,true,,7333,952,47,47,null,403,1001,0
1727273259703,509,https://blazedemo.com/purchase.php,200,OK,Thread Group 1-31,text,true,,6715,999,47,47,https://blazedemo.com/purchase.php,461,0,0
1727273258187,509,Choose_Flight & Purchase,200,"Number of samples in transaction : 1, number of failing samples : 0",Thread Group 1-31,,true,,6715,999,47,47,null,461,1516,0
1727273257704,2509,https://blazedemo.com/purchase.php,200,OK,Thread Group 1-13,text,true,,6715,999,47,47,https://blazedemo.com/purchase.php,2509,0,0
1727273256203,2509,Choose_Flight & Purchase,200,"Number of samples in transaction : 1, number of failing samples : 0",Thread Group 1-13,,true,,6715,999,47,47,null,2509,1502,0
1727273259185,1194,https://blazedemo.com/reserve.php,200,OK,Thread Group 1-44,text,true,,7333,952,47,47,https://blazedemo.com/reserve.php,1179,0,0
1727273258170,1194,Search_Fligh & Reserve,200,"Number of samples in transaction : 1, number of failing samples : 0",Thread Group 1-44,,true,,7333,952,47,47,null,1179,1015,0
1727273259782,668,https://blazedemo.com/purchase.php,200,OK,Thread Group 1-33,text,true,,6715,999,47,47,https://blazedemo.com/purchase.php,609,0,0
1727273258269,668,Choose_Flight & Purchase,200,"Number of samples in transaction : 1, number of failing samples : 0",Thread Group 1-33,,true,,6715,999,47,47,null,609,1513,0
1727273259435,1058,https://blazedemo.com/reserve.php,200,OK,Thread Group 1-42,text,true,,7333,952,47,47,https://blazedemo.com/reserve.php,985,0,0
1727273258421,1058,Search_Fligh & Reserve,200,"Number of samples in transaction : 1, number of failing samples : 0",Thread Group 1-42,,true,,7333,952,47,47,null,985,1014,0
1727273258338,2299,https://blazedemo.com/,200,OK,Thread Group 1-48,text,true,,4757,836,47,47,https://blazedemo.com/,2274,0,113
1727273257337,2299,Visit_Webs,200,"Number of samples in transaction : 1, number of failing samples : 0",Thread Group 1-48,,true,,4757,836,47,47,null,2274,1003,113
1727273259892,763,https://blazedemo.com/purchase.php,200,OK,Thread Group 1-35,text,true,,6715,999,47,47,https://blazedemo.com/purchase.php,748,0,0
1727273258378,763,Choose_Flight & Purchase,200,"Number of samples in transaction : 1, number of failing samples : 0",Thread Group 1-35,,true,,6715,999,47,47,null,748,1514,0
1727273259687,1037,https://blazedemo.com/purchase.php,200,OK,Thread Group 1-37,text,true,,6715,999,47,47,https://blazedemo.com/purchase.php,1028,0,0
1727273258176,1037,Choose_Flight & Purchase,200,"Number of samples in transaction : 1, number of failing samples : 0",Thread Group 1-37,,true,,6715,999,47,47,null,1028,1511,0
1727273258568,2167,https://blazedemo.com/purchase.php,200,OK,Thread Group 1-26,text,true,,6715,999,47,47,https://blazedemo.com/purchase.php,971,0,0
1727273257068,2167,Choose_Flight & Purchase,200,"Number of samples in transaction : 1, number of failing samples : 0",Thread Group 1-26,,true,,6715,999,47,47,null,971,1502,0
1727273257732,3078,https://blazedemo.com/purchase.php,200,OK,Thread Group 1-24,text,true,,6715,999,47,47,https://blazedemo.com/purchase.php,2779,0,0
1727273256232,3078,Choose_Flight & Purchase,200,"Number of samples in transaction : 1, number of failing samples : 0",Thread Group 1-24,,true,,6715,999,47,47,null,2779,1500,0
1727273259703,1298,https://blazedemo.com/purchase.php,200,OK,Thread Group 1-34,text,true,,6715,999,47,47,https://blazedemo.com/purchase.php,922,0,0
1727273258190,1298,Choose_Flight & Purchase,200,"Number of samples in transaction : 1, number of failing samples : 0",Thread Group 1-34,,true,,6715,999,47,47,null,922,1513,0
1727273260018,1157,https://blazedemo.com/purchase.php,200,OK,Thread Group 1-21,text,true,,6715,999,47,47,https://blazedemo.com/purchase.php,1146,0,0
1727273258515,1157,Choose_Flight & Purchase,200,"Number of samples in transaction : 1, number of failing samples : 0",Thread Group 1-21,,true,,6715,999,47,47,null,1146,1503,0
1727273260379,881,https://blazedemo.com/reserve.php,200,OK,Thread Group 1-49,text,true,,7333,952,47,47,https://blazedemo.com/reserve.php,879,0,0
1727273259368,881,Search_Fligh & Reserve,200,"Number of samples in transaction : 1, number of failing samples : 0",Thread Group 1-49,,true,,7333,952,47,47,null,879,1011,0
1727273258965,2305,https://blazedemo.com/reserve.php,200,OK,Thread Group 1-32,text,true,,7333,952,47,47,https://blazedemo.com/reserve.php,2303,0,0
1727273258138,3132,https://blazedemo.com/,200,OK,Thread Group 1-47,text,true,,4757,836,47,47,https://blazedemo.com/,3132,0,769
1727273257963,2305,Search_Fligh & Reserve,200,"Number of samples in transaction : 1, number of failing samples : 0",Thread Group 1-32,,true,,7333,952,47,47,null,2303,1004,0
1727273257138,3132,Visit_Webs,200,"Number of samples in transaction : 1, number of failing samples : 0",Thread Group 1-47,,true,,4757,836,47,47,null,3132,1002,769
1727273258747,2601,https://blazedemo.com/reserve.php,200,OK,Thread Group 1-30,text,true,,7333,952,47,47,https://blazedemo.com/reserve.php,2600,0,0
1727273257743,2601,Search_Fligh & Reserve,200,"Number of samples in transaction : 1, number of failing samples : 0",Thread Group 1-30,,true,,7333,952,47,47,null,2600,1005,0
1727273260741,610,https://blazedemo.com/reserve.php,200,OK,Thread Group 1-50,text,true,,7333,952,47,47,https://blazedemo.com/reserve.php,535,0,0
1727273259734,610,Search_Fligh & Reserve,200,"Number of samples in transaction : 1, number of failing samples : 0",Thread Group 1-50,,true,,7333,952,47,47,null,535,1008,0
1727273259373,2089,https://blazedemo.com/purchase.php,200,OK,Thread Group 1-28,text,true,,6715,999,47,47,https://blazedemo.com/purchase.php,2080,0,0
1727273257866,2089,Choose_Flight & Purchase,200,"Number of samples in transaction : 1, number of failing samples : 0",Thread Group 1-28,,true,,6715,999,47,47,null,2080,1508,0
1727273260520,1001,https://blazedemo.com/purchase.php,200,OK,Thread Group 1-36,text,true,,6715,999,47,47,https://blazedemo.com/purchase.php,891,0,0
1727273259008,1001,Choose_Flight & Purchase,200,"Number of samples in transaction : 1, number of failing samples : 0",Thread Group 1-36,,true,,6715,999,47,47,null,891,1512,0
1727273259640,1906,https://blazedemo.com/reserve.php,200,OK,Thread Group 1-45,text,true,,7333,952,47,47,https://blazedemo.com/reserve.php,1890,0,0
1727273258639,1906,Search_Fligh & Reserve,200,"Number of samples in transaction : 1, number of failing samples : 0",Thread Group 1-45,,true,,7333,952,47,47,null,1890,1001,0
1727273260617,1029,https://blazedemo.com/purchase.php,200,OK,Thread Group 1-38,text,true,,6715,999,47,47,https://blazedemo.com/purchase.php,1023,0,0
1727273259114,1029,Choose_Flight & Purchase,200,"Number of samples in transaction : 1, number of failing samples : 0",Thread Group 1-38,,true,,6715,999,47,47,null,1023,1503,0
1727273261057,696,https://blazedemo.com/confirmation.php,200,OK,Thread Group 1-9,text,true,,5780,1127,47,47,https://blazedemo.com/confirmation.php,690,0,0
1727273256058,696,Filling_Info & Confirmation,200,"Number of samples in transaction : 1, number of failing samples : 0",Thread Group 1-9,,true,,5780,1127,47,47,null,690,5000,0
1727273260946,854,https://blazedemo.com/reserve.php,200,OK,Thread Group 1-46,text,true,,7333,952,46,46,https://blazedemo.com/reserve.php,848,0,0
1727273259940,854,Search_Fligh & Reserve,200,"Number of samples in transaction : 1, number of failing samples : 0",Thread Group 1-46,,true,,7333,952,46,46,null,848,1006,0
1727273261705,424,https://blazedemo.com/confirmation.php,200,OK,Thread Group 1-5,text,true,,5780,1127,46,46,https://blazedemo.com/confirmation.php,415,0,0
1727273256705,424,Filling_Info & Confirmation,200,"Number of samples in transaction : 1, number of failing samples : 0",Thread Group 1-5,,true,,5780,1127,46,46,null,415,5002,0
1727273261587,634,https://blazedemo.com/purchase.php,200,OK,Thread Group 1-43,text,true,,6715,999,45,45,https://blazedemo.com/purchase.php,623,0,0
1727273260082,634,Choose_Flight & Purchase,200,"Number of samples in transaction : 1, number of failing samples : 0",Thread Group 1-43,,true,,6715,999,45,45,null,623,1505,0
1727273261885,390,https://blazedemo.com/purchase.php,200,OK,Thread Group 1-44,text,true,,6715,999,45,45,https://blazedemo.com/purchase.php,378,0,0
1727273260379,390,Choose_Flight & Purchase,200,"Number of samples in transaction : 1, number of failing samples : 0",Thread Group 1-44,,true,,6715,999,45,45,null,378,1506,0
1727273261994,348,https://blazedemo.com/purchase.php,200,OK,Thread Group 1-42,text,true,,6715,999,45,45,https://blazedemo.com/purchase.php,345,0,0
1727273260493,348,Choose_Flight & Purchase,200,"Number of samples in transaction : 1, number of failing samples : 0",Thread Group 1-42,,true,,6715,999,45,45,null,345,1502,0
1727273261640,736,https://blazedemo.com/confirmation.php,200,OK,Thread Group 1-17,text,true,,5780,1127,45,45,https://blazedemo.com/confirmation.php,730,0,0
1727273256639,736,Filling_Info & Confirmation,200,"Number of samples in transaction : 1, number of failing samples : 0",Thread Group 1-17,,true,,5780,1127,45,45,null,730,5002,0
1727273260935,1507,https://blazedemo.com/confirmation.php,200,OK,Thread Group 1-6,text,true,,5780,1127,44,44,https://blazedemo.com/confirmation.php,956,0,0
1727273255935,1507,Filling_Info & Confirmation,200,"Number of samples in transaction : 1, number of failing samples : 0",Thread Group 1-6,,true,,5780,1127,44,44,null,956,5001,0
1727273261648,893,https://blazedemo.com/reserve.php,200,OK,Thread Group 1-48,text,true,,7333,952,43,43,https://blazedemo.com/reserve.php,826,0,0
1727273260638,893,Search_Fligh & Reserve,200,"Number of samples in transaction : 1, number of failing samples : 0",Thread Group 1-48,,true,,7333,952,43,43,null,826,1011,0
1727273260962,1752,https://blazedemo.com/confirmation.php,200,OK,Thread Group 1-2,text,true,,5780,1127,43,43,https://blazedemo.com/confirmation.php,1747,0,0
1727273255952,1752,Filling_Info & Confirmation,200,"Number of samples in transaction : 1, number of failing samples : 0",Thread Group 1-2,,true,,5780,1127,43,43,null,1747,5011,0
1727273262492,549,https://blazedemo.com/confirmation.php,200,OK,Thread Group 1-10,text,true,,5780,1127,42,42,https://blazedemo.com/confirmation.php,444,0,0
1727273257491,549,Filling_Info & Confirmation,200,"Number of samples in transaction : 1, number of failing samples : 0",Thread Group 1-10,,true,,5780,1127,42,42,null,444,5003,0
1727273259816,3451,https://blazedemo.com/reserve.php,200,OK,Thread Group 1-40,text,true,,7333,952,41,41,https://blazedemo.com/reserve.php,3451,0,0
1727273258814,3451,Search_Fligh & Reserve,200,"Number of samples in transaction : 1, number of failing samples : 0",Thread Group 1-40,,true,,7333,952,41,41,null,3451,1002,0
1727273262693,654,https://blazedemo.com/confirmation.php,200,OK,Thread Group 1-11,text,true,,5780,1127,41,41,https://blazedemo.com/confirmation.php,356,0,0
1727273257693,654,Filling_Info & Confirmation,200,"Number of samples in transaction : 1, number of failing samples : 0",Thread Group 1-11,,true,,5780,1127,41,41,null,356,5001,0
1727273262275,1144,https://blazedemo.com/reserve.php,200,OK,Thread Group 1-47,text,true,,7333,952,40,40,https://blazedemo.com/reserve.php,1144,0,0
1727273261271,1144,Search_Fligh & Reserve,200,"Number of samples in transaction : 1, number of failing samples : 0",Thread Group 1-47,,true,,7333,952,40,40,null,1144,1004,0
1727273263057,390,https://blazedemo.com/purchase.php,200,OK,Thread Group 1-45,text,true,,6715,999,40,40,https://blazedemo.com/purchase.php,378,0,0
1727273261546,390,Choose_Flight & Purchase,200,"Number of samples in transaction : 1, number of failing samples : 0",Thread Group 1-45,,true,,6715,999,40,40,null,378,1511,0
1727273261814,1638,https://blazedemo.com/confirmation.php,200,OK,Thread Group 1-7,text,true,,5780,1127,40,40,https://blazedemo.com/confirmation.php,1634,0,0
1727273256814,1638,Filling_Info & Confirmation,200,"Number of samples in transaction : 1, number of failing samples : 0",Thread Group 1-7,,true,,5780,1127,40,40,null,1634,5001,0
1727273262774,945,https://blazedemo.com/purchase.php,200,OK,Thread Group 1-32,text,true,,6715,999,39,39,https://blazedemo.com/purchase.php,838,0,0
1727273261271,945,Choose_Flight & Purchase,200,"Number of samples in transaction : 1, number of failing samples : 0",Thread Group 1-32,,true,,6715,999,39,39,null,838,1503,0
1727273262319,1438,https://blazedemo.com/confirmation.php,200,OK,Thread Group 1-18,text,true,,5780,1127,39,39,https://blazedemo.com/confirmation.php,1141,0,0
1727273257318,1438,Filling_Info & Confirmation,200,"Number of samples in transaction : 1, number of failing samples : 0",Thread Group 1-18,,true,,5780,1127,39,39,null,1141,5002,0
1727273262853,926,https://blazedemo.com/purchase.php,200,OK,Thread Group 1-50,text,true,,6715,999,38,38,https://blazedemo.com/purchase.php,911,0,0
1727273261352,926,Choose_Flight & Purchase,200,"Number of samples in transaction : 1, number of failing samples : 0",Thread Group 1-50,,true,,6715,999,38,38,null,911,1501,0
1727273262932,895,https://blazedemo.com/confirmation.php,200,OK,Thread Group 1-14,text,true,,5780,1127,38,38,https://blazedemo.com/confirmation.php,893,0,0
1727273257928,895,Filling_Info & Confirmation,200,"Number of samples in transaction : 1, number of failing samples : 0",Thread Group 1-14,,true,,5780,1127,38,38,null,893,5006,0
1727273262994,846,https://blazedemo.com/confirmation.php,200,OK,Thread Group 1-25,text,true,,5780,1127,37,37,https://blazedemo.com/confirmation.php,784,0,0
1727273257988,846,Filling_Info & Confirmation,200,"Number of samples in transaction : 1, number of failing samples : 0",Thread Group 1-25,,true,,5780,1127,37,37,null,784,5006,0
1727273263608,376,https://blazedemo.com/confirmation.php,200,OK,Thread Group 1-16,text,true,,5780,1127,36,36,https://blazedemo.com/confirmation.php,370,0,0
1727273258603,376,Filling_Info & Confirmation,200,"Number of samples in transaction : 1, number of failing samples : 0",Thread Group 1-16,,true,,5780,1127,36,36,null,370,5005,0
1727273263311,681,https://blazedemo.com/purchase.php,200,OK,Thread Group 1-46,text,true,,6715,999,35,35,https://blazedemo.com/purchase.php,681,0,0
1727273261801,681,Choose_Flight & Purchase,200,"Number of samples in transaction : 1, number of failing samples : 0",Thread Group 1-46,,true,,6715,999,35,35,null,681,1510,0
1727273260930,3114,https://blazedemo.com/purchase.php,200,OK,Thread Group 1-41,text,true,,6715,999,35,35,https://blazedemo.com/purchase.php,3114,0,0
1727273259418,3114,Choose_Flight & Purchase,200,"Number of samples in transaction : 1, number of failing samples : 0",Thread Group 1-41,,true,,6715,999,35,35,null,3114,1512,0
1727273262853,1226,https://blazedemo.com/purchase.php,200,OK,Thread Group 1-30,text,true,,6715,999,35,35,https://blazedemo.com/purchase.php,1211,0,0
1727273261348,1226,Choose_Flight & Purchase,200,"Number of samples in transaction : 1, number of failing samples : 0",Thread Group 1-30,,true,,6715,999,35,35,null,1211,1505,0
1727273261024,3082,https://blazedemo.com/purchase.php,200,OK,Thread Group 1-39,text,true,,6715,999,35,35,https://blazedemo.com/purchase.php,3076,0,0
1727273259509,3082,Choose_Flight & Purchase,200,"Number of samples in transaction : 1, number of failing samples : 0",Thread Group 1-39,,true,,6715,999,35,35,null,3076,1515,0
1727273263887,320,https://blazedemo.com/confirmation.php,200,OK,Thread Group 1-15,text,true,,5780,1127,35,35,https://blazedemo.com/confirmation.php,316,0,0
1727273258885,320,Filling_Info & Confirmation,200,"Number of samples in transaction : 1, number of failing samples : 0",Thread Group 1-15,,true,,5780,1127,35,35,null,316,5002,0
1727273263701,508,https://blazedemo.com/confirmation.php,200,OK,Thread Group 1-23,text,true,,5780,1127,34,34,https://blazedemo.com/confirmation.php,502,0,0
1727273258688,508,Filling_Info & Confirmation,200,"Number of samples in transaction : 1, number of failing samples : 0",Thread Group 1-23,,true,,5780,1127,34,34,null,502,5013,0
1727273262563,2087,https://blazedemo.com/confirmation.php,200,OK,Thread Group 1-12,text,true,,5780,1127,33,33,https://blazedemo.com/confirmation.php,1891,0,0
1727273257563,2087,Filling_Info & Confirmation,200,"Number of samples in transaction : 1, number of failing samples : 0",Thread Group 1-12,,true,,5780,1127,33,33,null,1891,5001,0
1727273263980,835,https://blazedemo.com/confirmation.php,200,OK,Thread Group 1-29,text,true,,5780,1127,32,32,https://blazedemo.com/confirmation.php,833,0,0
1727273258977,835,Filling_Info & Confirmation,200,"Number of samples in transaction : 1, number of failing samples : 0",Thread Group 1-29,,true,,5780,1127,32,32,null,833,5003,0
1727273264059,769,https://blazedemo.com/confirmation.php,200,OK,Thread Group 1-22,text,true,,5780,1127,31,31,https://blazedemo.com/confirmation.php,661,0,0
1727273259053,769,Filling_Info & Confirmation,200,"Number of samples in transaction : 1, number of failing samples : 0",Thread Group 1-22,,true,,5780,1127,31,31,null,661,5006,0
1727273264043,905,https://blazedemo.com/purchase.php,200,OK,Thread Group 1-48,text,true,,6715,999,30,30,https://blazedemo.com/purchase.php,810,0,0
1727273262542,905,Choose_Flight & Purchase,200,"Number of samples in transaction : 1, number of failing samples : 0",Thread Group 1-48,,true,,6715,999,30,30,null,810,1502,0
1727273264764,320,https://blazedemo.com/confirmation.php,200,OK,Thread Group 1-20,text,true,,5780,1127,30,30,https://blazedemo.com/confirmation.php,314,0,0
1727273259763,320,Filling_Info & Confirmation,200,"Number of samples in transaction : 1, number of failing samples : 0",Thread Group 1-20,,true,,5780,1127,30,30,null,314,5002,0
1727273264920,310,https://blazedemo.com/purchase.php,200,OK,Thread Group 1-47,text,true,,6715,999,29,29,https://blazedemo.com/purchase.php,291,0,0
1727273263419,310,Choose_Flight & Purchase,200,"Number of samples in transaction : 1, number of failing samples : 0",Thread Group 1-47,,true,,6715,999,29,29,null,291,1501,0
1727273265217,385,https://blazedemo.com/confirmation.php,200,OK,Thread Group 1-13,text,true,,5780,1127,29,29,https://blazedemo.com/confirmation.php,382,0,0
1727273260213,385,Filling_Info & Confirmation,200,"Number of samples in transaction : 1, number of failing samples : 0",Thread Group 1-13,,true,,5780,1127,29,29,null,382,5004,0
1727273265452,373,https://blazedemo.com/confirmation.php,200,OK,Thread Group 1-33,text,true,,5780,1127,28,28,https://blazedemo.com/confirmation.php,326,0,0
1727273260450,373,Filling_Info & Confirmation,200,"Number of samples in transaction : 1, number of failing samples : 0",Thread Group 1-33,,true,,5780,1127,28,28,null,326,5002,0
1727273264779,1056,https://blazedemo.com/purchase.php,200,OK,Thread Group 1-40,text,true,,6715,999,27,27,https://blazedemo.com/purchase.php,1006,0,0
1727273263267,1056,Choose_Flight & Purchase,200,"Number of samples in transaction : 1, number of failing samples : 0",Thread Group 1-40,,true,,6715,999,27,27,null,1006,1512,0
1727273262774,3129,https://blazedemo.com/purchase.php,200,OK,Thread Group 1-49,text,true,,6715,999,27,27,https://blazedemo.com/purchase.php,2820,0,0
1727273261260,3129,Choose_Flight & Purchase,200,"Number of samples in transaction : 1, number of failing samples : 0",Thread Group 1-49,,true,,6715,999,27,27,null,2820,1514,0
1727273263965,1950,https://blazedemo.com/confirmation.php,200,OK,Thread Group 1-8,text,true,,5780,1127,27,27,https://blazedemo.com/confirmation.php,1841,0,0
1727273258956,1950,Filling_Info & Confirmation,200,"Number of samples in transaction : 1, number of failing samples : 0",Thread Group 1-8,,true,,5780,1127,27,27,null,1841,5009,0
1727273265750,311,https://blazedemo.com/confirmation.php,200,OK,Thread Group 1-26,text,true,,5780,1127,26,26,https://blazedemo.com/confirmation.php,306,0,0
1727273260736,311,Filling_Info & Confirmation,200,"Number of samples in transaction : 1, number of failing samples : 0",Thread Group 1-26,,true,,5780,1127,26,26,null,306,5014,0
1727273265669,904,https://blazedemo.com/confirmation.php,200,OK,Thread Group 1-35,text,true,,5780,1127,25,25,https://blazedemo.com/confirmation.php,904,0,0
1727273260655,904,Filling_Info & Confirmation,200,"Number of samples in transaction : 1, number of failing samples : 0",Thread Group 1-35,,true,,5780,1127,25,25,null,904,5014,0
1727273265733,1178,https://blazedemo.com/confirmation.php,200,OK,Thread Group 1-37,text,true,,5780,1127,24,24,https://blazedemo.com/confirmation.php,1176,0,0
1727273260724,1178,Filling_Info & Confirmation,200,"Number of samples in transaction : 1, number of failing samples : 0",Thread Group 1-37,,true,,5780,1127,24,24,null,1176,5009,0
1727273265217,1734,https://blazedemo.com/confirmation.php,200,OK,Thread Group 1-31,text,true,,5780,1127,23,23,https://blazedemo.com/confirmation.php,1733,0,0
1727273260212,1734,Filling_Info & Confirmation,200,"Number of samples in transaction : 1, number of failing samples : 0",Thread Group 1-31,,true,,5780,1127,23,23,null,1733,5006,0
1727273266184,820,https://blazedemo.com/confirmation.php,200,OK,Thread Group 1-21,text,true,,5780,1127,22,22,https://blazedemo.com/confirmation.php,758,0,0
1727273261175,820,Filling_Info & Confirmation,200,"Number of samples in transaction : 1, number of failing samples : 0",Thread Group 1-21,,true,,5780,1127,22,22,null,758,5009,0
1727273263997,3128,https://blazedemo.com/confirmation.php,200,OK,Thread Group 1-27,text,true,,5780,1127,21,21,https://blazedemo.com/confirmation.php,3128,0,0
1727273258987,3128,Filling_Info & Confirmation,200,"Number of samples in transaction : 1, number of failing samples : 0",Thread Group 1-27,,true,,5780,1127,21,21,null,3128,5010,0
1727273266012,1537,https://blazedemo.com/confirmation.php,200,OK,Thread Group 1-34,text,true,,5780,1127,20,20,https://blazedemo.com/confirmation.php,1537,0,0
1727273261001,1537,Filling_Info & Confirmation,200,"Number of samples in transaction : 1, number of failing samples : 0",Thread Group 1-34,,true,,5780,1127,20,20,null,1537,5011,0
1727273267282,268,https://blazedemo.com/confirmation.php,200,OK,Thread Group 1-44,text,true,,5780,1127,19,19,https://blazedemo.com/confirmation.php,260,0,0
1727273262276,268,Filling_Info & Confirmation,200,"Number of samples in transaction : 1, number of failing samples : 0",Thread Group 1-44,,true,,5780,1127,19,19,null,260,5006,0
1727273265811,1909,https://blazedemo.com/confirmation.php,200,OK,Thread Group 1-24,text,true,,5780,1127,18,18,https://blazedemo.com/confirmation.php,1611,0,0
1727273260809,1909,Filling_Info & Confirmation,200,"Number of samples in transaction : 1, number of failing samples : 0",Thread Group 1-24,,true,,5780,1127,18,18,null,1611,5002,0
1727273267344,669,https://blazedemo.com/confirmation.php,200,OK,Thread Group 1-42,text,true,,5780,1127,17,17,https://blazedemo.com/confirmation.php,664,0,0
1727273262343,669,Filling_Info & Confirmation,200,"Number of samples in transaction : 1, number of failing samples : 0",Thread Group 1-42,,true,,5780,1127,17,17,null,664,5002,0
1727273266657,1491,https://blazedemo.com/confirmation.php,200,OK,Thread Group 1-38,text,true,,5780,1127,16,16,https://blazedemo.com/confirmation.php,399,0,0
1727273261646,1491,Filling_Info & Confirmation,200,"Number of samples in transaction : 1, number of failing samples : 0",Thread Group 1-38,,true,,5780,1127,16,16,null,399,5011,0
1727273264965,3419,https://blazedemo.com/confirmation.php,200,OK,Thread Group 1-19,text,true,,5780,1127,15,15,https://blazedemo.com/confirmation.php,3064,0,0
1727273259953,3419,Filling_Info & Confirmation,200,"Number of samples in transaction : 1, number of failing samples : 0",Thread Group 1-19,,true,,5780,1127,15,15,null,3064,5012,0
1727273267235,1806,https://blazedemo.com/confirmation.php,200,OK,Thread Group 1-43,text,true,,5780,1127,14,14,https://blazedemo.com/confirmation.php,1805,0,0
1727273262221,1806,Filling_Info & Confirmation,200,"Number of samples in transaction : 1, number of failing samples : 0",Thread Group 1-43,,true,,5780,1127,14,14,null,1805,5014,0
1727273266530,2692,https://blazedemo.com/confirmation.php,200,OK,Thread Group 1-36,text,true,,5780,1127,13,13,https://blazedemo.com/confirmation.php,2692,0,0
1727273261521,2692,Filling_Info & Confirmation,200,"Number of samples in transaction : 1, number of failing samples : 0",Thread Group 1-36,,true,,5780,1127,13,13,null,2692,5009,0
1727273268724,532,https://blazedemo.com/confirmation.php,200,OK,Thread Group 1-32,text,true,,5780,1127,12,12,https://blazedemo.com/confirmation.php,528,0,0
1727273263719,532,Filling_Info & Confirmation,200,"Number of samples in transaction : 1, number of failing samples : 0",Thread Group 1-32,,true,,5780,1127,12,12,null,528,5005,0
1727273268788,552,https://blazedemo.com/confirmation.php,200,OK,Thread Group 1-50,text,true,,5780,1127,11,11,https://blazedemo.com/confirmation.php,548,0,0
1727273263779,552,Filling_Info & Confirmation,200,"Number of samples in transaction : 1, number of failing samples : 0",Thread Group 1-50,,true,,5780,1127,11,11,null,548,5008,0
1727273269120,332,https://blazedemo.com/confirmation.php,200,OK,Thread Group 1-39,text,true,,5780,1127,10,10,https://blazedemo.com/confirmation.php,282,0,0
1727273264106,332,Filling_Info & Confirmation,200,"Number of samples in transaction : 1, number of failing samples : 0",Thread Group 1-39,,true,,5780,1127,10,10,null,282,5013,0
1727273269088,383,https://blazedemo.com/confirmation.php,200,OK,Thread Group 1-30,text,true,,5780,1127,9,9,https://blazedemo.com/confirmation.php,383,0,0
1727273264079,383,Filling_Info & Confirmation,200,"Number of samples in transaction : 1, number of failing samples : 0",Thread Group 1-30,,true,,5780,1127,9,9,null,383,5009,0
1727273268994,627,https://blazedemo.com/confirmation.php,200,OK,Thread Group 1-46,text,true,,5780,1127,8,8,https://blazedemo.com/confirmation.php,627,0,0
1727273263992,627,Filling_Info & Confirmation,200,"Number of samples in transaction : 1, number of failing samples : 0",Thread Group 1-46,,true,,5780,1127,8,8,null,627,5001,0
1727273268457,1323,https://blazedemo.com/confirmation.php,200,OK,Thread Group 1-45,text,true,,5780,1127,7,7,https://blazedemo.com/confirmation.php,1272,0,0
1727273263447,1323,Filling_Info & Confirmation,200,"Number of samples in transaction : 1, number of failing samples : 0",Thread Group 1-45,,true,,5780,1127,7,7,null,1272,5009,0
1727273266468,3943,https://blazedemo.com/confirmation.php,200,OK,Thread Group 1-28,text,true,,5780,1127,6,6,https://blazedemo.com/confirmation.php,3505,0,0
1727273261462,3943,Filling_Info & Confirmation,200,"Number of samples in transaction : 1, number of failing samples : 0",Thread Group 1-28,,true,,5780,1127,6,6,null,3505,5007,0
1727273269952,666,https://blazedemo.com/confirmation.php,200,OK,Thread Group 1-48,text,true,,5780,1127,5,5,https://blazedemo.com/confirmation.php,661,0,0
1727273264949,666,Filling_Info & Confirmation,200,"Number of samples in transaction : 1, number of failing samples : 0",Thread Group 1-48,,true,,5780,1127,5,5,null,661,5003,0
1727273270908,353,https://blazedemo.com/confirmation.php,200,OK,Thread Group 1-49,text,true,,5780,1127,4,4,https://blazedemo.com/confirmation.php,353,0,0
1727273265903,353,Filling_Info & Confirmation,200,"Number of samples in transaction : 1, number of failing samples : 0",Thread Group 1-49,,true,,5780,1127,4,4,null,353,5004,0
1727273270234,1291,https://blazedemo.com/confirmation.php,200,OK,Thread Group 1-47,text,true,,5780,1127,3,3,https://blazedemo.com/confirmation.php,934,0,0
1727273265230,1291,Filling_Info & Confirmation,200,"Number of samples in transaction : 1, number of failing samples : 0",Thread Group 1-47,,true,,5780,1127,3,3,null,934,5003,0
1727273269057,2821,https://blazedemo.com/confirmation.php,200,OK,Thread Group 1-41,text,true,,5780,1127,2,2,https://blazedemo.com/confirmation.php,2818,0,0
1727273264044,2821,Filling_Info & Confirmation,200,"Number of samples in transaction : 1, number of failing samples : 0",Thread Group 1-41,,true,,5780,1127,2,2,null,2818,5012,0
1727273270844,2993,https://blazedemo.com/confirmation.php,200,OK,Thread Group 1-40,text,true,,5780,1127,1,1,https://blazedemo.com/confirmation.php,2692,0,0
1727273265835,2993,Filling_Info & Confirmation,200,"Number of samples in transaction : 1, number of failing samples : 0",Thread Group 1-40,,true,,5780,1127,1,1,null,2692,5009,0
